{"cameraMode":{"drawMode":0,"name":"Shaded","section":"Shading Mode"},"sceneLighting":false,"audioPlay":false,"sceneViewState":{"showFog":true,"showMaterialUpdate":false,"showSkybox":true,"showFlares":true,"showImageEffects":true,"showParticleSystems":true},"in2DMode":false,"pivot":{"x":0.4000000059604645,"y":0.4259999990463257,"z":1.4179999828338624},"rotation":{"x":-0.022348836064338685,"y":0.8838889598846436,"z":-0.04245997592806816,"w":-0.46522900462150576},"size":2.2868785858154299,"orthographic":false}