{"cameraMode":{"drawMode":0,"name":"Shaded","section":"Shading Mode"},"sceneLighting":false,"audioPlay":false,"sceneViewState":{"showFog":true,"showMaterialUpdate":false,"showSkybox":true,"showFlares":true,"showImageEffects":true,"showParticleSystems":true},"in2DMode":false,"pivot":{"x":-0.6175751686096191,"y":1.0610345602035523,"z":-0.1294879913330078},"rotation":{"x":-0.06374271214008331,"y":0.846510648727417,"z":-0.10413279384374619,"w":-0.5181823372840881},"size":6.425167083740234,"orthographic":false}