{"cameraMode":{"drawMode":0,"name":"Shaded","section":"Shading Mode"},"sceneLighting":false,"audioPlay":false,"sceneViewState":{"showFog":true,"showMaterialUpdate":false,"showSkybox":true,"showFlares":true,"showImageEffects":true,"showParticleSystems":true},"in2DMode":false,"pivot":{"x":-1.172495722770691,"y":0.9483288526535034,"z":0.5040208101272583},"rotation":{"x":-0.030351286754012109,"y":0.7058212757110596,"z":-0.030297938734292985,"w":-0.7070907354354858},"size":2.4662253856658937,"orthographic":false}