{"cameraMode":{"drawMode":0,"name":"Shaded","section":"Shading Mode"},"sceneLighting":false,"audioPlay":false,"sceneViewState":{"showFog":true,"showMaterialUpdate":false,"showSkybox":true,"showFlares":true,"showImageEffects":true,"showParticleSystems":true},"in2DMode":false,"pivot":{"x":1.1235849857330323,"y":1.2212122678756714,"z":0.3017115592956543},"rotation":{"x":-0.051741600036621097,"y":0.841001033782959,"z":-0.08174804598093033,"w":-0.5323132872581482},"size":2.4662256240844728,"orthographic":false}