{"cameraMode":{"drawMode":0,"name":"Shaded","section":"Shading Mode"},"sceneLighting":false,"audioPlay":false,"sceneViewState":{"showFog":true,"showMaterialUpdate":false,"showSkybox":true,"showFlares":true,"showImageEffects":true,"showParticleSystems":true},"in2DMode":false,"pivot":{"x":2.5080130100250246,"y":0.052000001072883609,"z":-0.7887978553771973},"rotation":{"x":-0.022348836064338685,"y":0.8838889598846436,"z":-0.04245997592806816,"w":-0.46522900462150576},"size":2.869931697845459,"orthographic":false}