{"cameraMode":{"drawMode":0,"name":"Shaded","section":"Shading Mode"},"sceneLighting":false,"audioPlay":false,"sceneViewState":{"showFog":true,"showMaterialUpdate":false,"showSkybox":true,"showFlares":true,"showImageEffects":true,"showParticleSystems":true},"in2DMode":false,"pivot":{"x":-0.8087735772132874,"y":1.1486413478851319,"z":-0.5648133754730225},"rotation":{"x":-0.07731231302022934,"y":0.014953319914638996,"z":-0.0011604614555835724,"w":-0.996894121170044},"size":2.4662253856658937,"orthographic":false}