{"cameraMode":{"drawMode":0,"name":"Shaded","section":"Shading Mode"},"sceneLighting":false,"audioPlay":false,"sceneViewState":{"showFog":true,"showMaterialUpdate":false,"showSkybox":true,"showFlares":true,"showImageEffects":true,"showParticleSystems":true},"in2DMode":false,"pivot":{"x":0.20756414532661439,"y":2.6303625106811525,"z":0.3386693000793457},"rotation":{"x":0.7006945610046387,"y":-0.005350764840841293,"z":0.0052553084678947929,"w":0.7134219408035278},"size":9.47852897644043,"orthographic":false}