{"cameraMode":{"drawMode":0,"name":"Shaded","section":"Shading Mode"},"sceneLighting":false,"audioPlay":false,"sceneViewState":{"showFog":true,"showMaterialUpdate":false,"showSkybox":true,"showFlares":true,"showImageEffects":true,"showParticleSystems":true},"in2DMode":false,"pivot":{"x":-0.07605791091918946,"y":1.8181889057159424,"z":2.250337600708008},"rotation":{"x":0.04217436909675598,"y":0.920142412185669,"z":-0.10339601337909699,"w":0.3753247559070587},"size":5.828433990478516,"orthographic":false}