{"cameraMode":{"drawMode":0,"name":"Shaded","section":"Shading Mode"},"sceneLighting":false,"audioPlay":false,"sceneViewState":{"showFog":true,"showMaterialUpdate":false,"showSkybox":true,"showFlares":true,"showImageEffects":true,"showParticleSystems":true},"in2DMode":false,"pivot":{"x":2.75,"y":0.1077883318066597,"z":0.0009775161743164063},"rotation":{"x":-0.046213217079639438,"y":0.947960615158081,"z":-0.2700272798538208,"w":-0.16223564743995667},"size":2.100717544555664,"orthographic":false}