{"cameraMode":{"drawMode":0,"name":"Shaded","section":"Shading Mode"},"sceneLighting":false,"audioPlay":false,"sceneViewState":{"showFog":true,"showMaterialUpdate":false,"showSkybox":false,"showFlares":true,"showImageEffects":true,"showParticleSystems":true},"in2DMode":false,"pivot":{"x":3.7492361068725588,"y":0.25005000829696658,"z":-0.25972139835357668},"rotation":{"x":0.16146478056907655,"y":0.18096348643302918,"z":-0.03013293817639351,"w":0.9696769714355469},"size":3.0676567554473879,"orthographic":false}