{"cameraMode":{"drawMode":0,"name":"Shaded","section":"Shading Mode"},"sceneLighting":false,"audioPlay":false,"sceneViewState":{"showFog":true,"showMaterialUpdate":false,"showSkybox":true,"showFlares":true,"showImageEffects":true,"showParticleSystems":true},"in2DMode":false,"pivot":{"x":-1.3760000467300416,"y":0.06000000238418579,"z":0.00299999862909317},"rotation":{"x":-0.20323367416858674,"y":0.23442350327968598,"z":-0.05018573999404907,"w":-0.9493277072906494},"size":0.5551460385322571,"orthographic":false}