{"cameraMode":{"drawMode":0,"name":"Shaded","section":"Shading Mode"},"sceneLighting":false,"audioPlay":false,"sceneViewState":{"showFog":true,"showMaterialUpdate":false,"showSkybox":false,"showFlares":true,"showImageEffects":true,"showParticleSystems":true},"in2DMode":false,"pivot":{"x":449.3667297363281,"y":798.1190185546875,"z":0.0},"rotation":{"x":0.0029998302925378086,"y":-0.010499760508537293,"z":0.00003149938493152149,"w":0.9999403953552246},"size":686.7595825195313,"orthographic":true}