{"cameraMode":{"drawMode":0,"name":"Shaded","section":"Shading Mode"},"sceneLighting":false,"audioPlay":false,"sceneViewState":{"showFog":true,"showMaterialUpdate":false,"showSkybox":true,"showFlares":true,"showImageEffects":true,"showParticleSystems":true},"in2DMode":false,"pivot":{"x":-1.0000007152557374,"y":0.8320002555847168,"z":4.496999740600586},"rotation":{"x":-0.022348836064338685,"y":0.8838889598846436,"z":-0.04245997592806816,"w":-0.46522900462150576},"size":4.638263702392578,"orthographic":false}