{"cameraMode":{"drawMode":0,"name":"Shaded","section":"Shading Mode"},"sceneLighting":false,"audioPlay":false,"sceneViewState":{"showFog":true,"showMaterialUpdate":false,"showSkybox":true,"showFlares":true,"showImageEffects":true,"showParticleSystems":true},"in2DMode":false,"pivot":{"x":0.8399999737739563,"y":0.5299999713897705,"z":-0.7300000190734863},"rotation":{"x":-0.11219754815101624,"y":0.7340468168258667,"z":-0.1251721829175949,"w":-0.6579657793045044},"size":0.2466225028038025,"orthographic":false}