{"cameraMode":{"drawMode":0,"name":"Shaded","section":"Shading Mode"},"sceneLighting":false,"audioPlay":false,"sceneViewState":{"showFog":true,"showMaterialUpdate":false,"showSkybox":true,"showFlares":true,"showImageEffects":true,"showParticleSystems":true},"in2DMode":false,"pivot":{"x":298.4999694824219,"y":131.99998474121095,"z":-9.5367431640625e-7},"rotation":{"x":-0.20323367416858674,"y":0.23442350327968598,"z":-0.05018573999404907,"w":-0.9493277072906494},"size":1077.065673828125,"orthographic":false}