{"cameraMode":{"drawMode":0,"name":"Shaded","section":"Shading Mode"},"sceneLighting":false,"audioPlay":false,"sceneViewState":{"showFog":true,"showMaterialUpdate":false,"showSkybox":false,"showFlares":true,"showImageEffects":true,"showParticleSystems":true},"in2DMode":false,"pivot":{"x":1.4389712810516358,"y":0.4500402808189392,"z":4.354119300842285},"rotation":{"x":0.16146478056907655,"y":0.18096348643302918,"z":-0.03013293817639351,"w":0.9696769714355469},"size":5.219418048858643,"orthographic":false}