{"cameraMode":{"drawMode":0,"name":"Shaded","section":"Shading Mode"},"sceneLighting":false,"audioPlay":false,"sceneViewState":{"showFog":true,"showMaterialUpdate":false,"showSkybox":true,"showFlares":true,"showImageEffects":true,"showParticleSystems":true},"in2DMode":false,"pivot":{"x":2.7151217460632326,"y":-2.2572789192199709,"z":-1.8318045139312745},"rotation":{"x":-0.09166909754276276,"y":0.906707227230072,"z":-0.26121965050697329,"w":-0.3181874454021454},"size":6.7583723068237309,"orthographic":false}