{"cameraMode":{"drawMode":0,"name":"Shaded","section":"Shading Mode"},"sceneLighting":false,"audioPlay":false,"sceneViewState":{"showFog":true,"showMaterialUpdate":false,"showSkybox":true,"showFlares":true,"showImageEffects":true,"showParticleSystems":true},"in2DMode":false,"pivot":{"x":-6.509108066558838,"y":2.6358554363250734,"z":0.1596660614013672},"rotation":{"x":-0.010647646151483059,"y":0.986630916595459,"z":-0.07205326855182648,"w":-0.14578856527805329},"size":17.995084762573243,"orthographic":false}