{"cameraMode":{"drawMode":0,"name":"Shaded","section":"Shading Mode"},"sceneLighting":false,"audioPlay":false,"sceneViewState":{"showFog":true,"showMaterialUpdate":false,"showSkybox":true,"showFlares":true,"showImageEffects":true,"showParticleSystems":true},"in2DMode":false,"pivot":{"x":2.9749999046325685,"y":0.625,"z":2.499999761581421},"rotation":{"x":0.002935952041298151,"y":0.2055239975452423,"z":0.0006165741360746324,"w":-0.9786475300788879},"size":1.7027816772460938,"orthographic":false}