{"cameraMode":{"drawMode":0,"name":"Shaded","section":"Shading Mode"},"sceneLighting":false,"audioPlay":false,"sceneViewState":{"showFog":true,"showMaterialUpdate":false,"showSkybox":true,"showFlares":true,"showImageEffects":true,"showParticleSystems":true},"in2DMode":false,"pivot":{"x":-4.2176103591918949,"y":2.7290964126586916,"z":2.7345564365386965},"rotation":{"x":-0.010647647082805634,"y":0.9866309762001038,"z":-0.07205327600240708,"w":-0.14578858017921449},"size":28.699060440063478,"orthographic":false}