{"cameraMode":{"drawMode":0,"name":"Shaded","section":"Shading Mode"},"sceneLighting":true,"audioPlay":false,"sceneViewState":{"showFog":true,"showMaterialUpdate":false,"showSkybox":true,"showFlares":true,"showImageEffects":true,"showParticleSystems":true},"in2DMode":false,"pivot":{"x":-78.49210357666016,"y":-20.04422378540039,"z":53.0236930847168},"rotation":{"x":-0.006175356451421976,"y":0.9555680155754089,"z":-0.29402199387550356,"w":-0.020069848746061326},"size":51.273197174072269,"orthographic":false}