{"cameraMode":{"drawMode":0,"name":"Shaded","section":"Shading Mode"},"sceneLighting":true,"audioPlay":false,"sceneViewState":{"showFog":true,"showMaterialUpdate":false,"showSkybox":true,"showFlares":true,"showImageEffects":true,"showParticleSystems":true},"in2DMode":false,"pivot":{"x":-1.3454275131225587,"y":0.6236331462860107,"z":0.032479897141456607},"rotation":{"x":-0.15356969833374024,"y":-0.6746383905410767,"z":0.1465454250574112,"w":-0.7069680690765381},"size":0.26264259219169619,"orthographic":false}