{"cameraMode":{"drawMode":0,"name":"Shaded","section":"Shading Mode"},"sceneLighting":false,"audioPlay":false,"sceneViewState":{"showFog":true,"showMaterialUpdate":false,"showSkybox":true,"showFlares":true,"showImageEffects":true,"showParticleSystems":true},"in2DMode":false,"pivot":{"x":-0.22539299726486207,"y":2.3197460174560549,"z":-1.0429959297180176},"rotation":{"x":0.016748763620853425,"y":0.9603342413902283,"z":-0.27199405431747439,"w":0.059135157614946368},"size":5.105689525604248,"orthographic":false}