{"cameraMode":{"drawMode":0,"name":"Shaded","section":"Shading Mode"},"sceneLighting":false,"audioPlay":false,"sceneViewState":{"showFog":true,"showMaterialUpdate":false,"showSkybox":true,"showFlares":true,"showImageEffects":true,"showParticleSystems":true},"in2DMode":false,"pivot":{"x":0.7606287598609924,"y":0.9919999837875366,"z":2.7781007289886476},"rotation":{"x":-0.022348836064338685,"y":0.8838889598846436,"z":-0.04245997592806816,"w":-0.46522900462150576},"size":4.793544769287109,"orthographic":false}