{"cameraMode":{"drawMode":0,"name":"Shaded","section":"Shading Mode"},"sceneLighting":false,"audioPlay":false,"sceneViewState":{"showFog":true,"showMaterialUpdate":false,"showSkybox":true,"showFlares":true,"showImageEffects":true,"showParticleSystems":true},"in2DMode":false,"pivot":{"x":-1.511458396911621,"y":-1.0164283514022828,"z":-0.371493935585022},"rotation":{"x":0.20941834151744843,"y":-0.7520790696144104,"z":0.28256726264953616,"w":0.5573838949203491},"size":4.143740653991699,"orthographic":false}