{"cameraMode":{"drawMode":0,"name":"Shaded","section":"Shading Mode"},"sceneLighting":false,"audioPlay":false,"sceneViewState":{"showFog":true,"showMaterialUpdate":false,"showSkybox":true,"showFlares":true,"showImageEffects":true,"showParticleSystems":true},"in2DMode":false,"pivot":{"x":0.14778029918670655,"y":0.47930312156677248,"z":0.1335747241973877},"rotation":{"x":0.009366524405777455,"y":0.9895932078361511,"z":-0.12173465639352799,"w":0.07614672183990479},"size":2.7582755088806154,"orthographic":false}