{"cameraMode":{"drawMode":0,"name":"Shaded","section":"Shading Mode"},"sceneLighting":true,"audioPlay":false,"sceneViewState":{"showFog":true,"showMaterialUpdate":false,"showSkybox":true,"showFlares":true,"showImageEffects":true,"showParticleSystems":true},"in2DMode":false,"pivot":{"x":1442.939453125,"y":937.31982421875,"z":-6.75},"rotation":{"x":0.0029998302925378086,"y":-0.010499760508537293,"z":0.00003149938493152149,"w":0.9999403953552246},"size":614.5501098632813,"orthographic":true}