{"cameraMode":{"drawMode":0,"name":"Shaded","section":"Shading Mode"},"sceneLighting":false,"audioPlay":false,"sceneViewState":{"showFog":true,"showMaterialUpdate":false,"showSkybox":true,"showFlares":true,"showImageEffects":true,"showParticleSystems":true},"in2DMode":false,"pivot":{"x":-0.9059135913848877,"y":0.9091497659683228,"z":-1.1549525260925294},"rotation":{"x":-0.017326876521110536,"y":0.8916803002357483,"z":-0.03425658866763115,"w":-0.4510350227355957},"size":4.566225528717041,"orthographic":false}