{"cameraMode":{"drawMode":0,"name":"Shaded","section":"Shading Mode"},"sceneLighting":false,"audioPlay":false,"sceneViewState":{"showFog":true,"showMaterialUpdate":false,"showSkybox":true,"showFlares":true,"showImageEffects":true,"showParticleSystems":true},"in2DMode":false,"pivot":{"x":4.812912940979004,"y":1.8660000562667847,"z":0.025344371795654298},"rotation":{"x":-0.022348836064338685,"y":0.8838889598846436,"z":-0.04245997592806816,"w":-0.46522900462150576},"size":15.295049667358399,"orthographic":false}