{"cameraMode":{"drawMode":0,"name":"Shaded","section":"Shading Mode"},"sceneLighting":false,"audioPlay":false,"sceneViewState":{"showFog":true,"showMaterialUpdate":false,"showSkybox":true,"showFlares":true,"showImageEffects":true,"showParticleSystems":true},"in2DMode":false,"pivot":{"x":0.11232007294893265,"y":-1.6800751686096192,"z":1.7750966548919678},"rotation":{"x":0.4850173890590668,"y":-0.006558637600392103,"z":0.0036370542366057636,"w":0.8744723200798035},"size":7.000359535217285,"orthographic":false}