{"cameraMode":{"drawMode":0,"name":"Shaded","section":"Shading Mode"},"sceneLighting":false,"audioPlay":false,"sceneViewState":{"showFog":true,"showMaterialUpdate":false,"showSkybox":true,"showFlares":true,"showImageEffects":true,"showParticleSystems":true},"in2DMode":false,"pivot":{"x":-1.3759996891021729,"y":0.059999942779541019,"z":0.48572051525115969},"rotation":{"x":-0.20323367416858674,"y":0.23442350327968598,"z":-0.05018573999404907,"w":-0.9493277072906494},"size":4.89424991607666,"orthographic":false}